id,Name,active,birthdate,email,mobile,photo,teams,tenure
u6zvmang,Rachel209 Hamilton216,TRUE,10/16/1952,rhamilton866@baileyllc.com,(249)228-6015x87122,,"Alpha Team , Bravo Team",14
lgwz10oc,Johnny838 Wilson928,TRUE,11/14/1968,jwilson@riddlethomas.biz,6580009049,,"Alpha Team , Bravo Team",7
6zuwvxaf,Colin827 Mercado187,TRUE,12/4/1959,remain_colin@burgessgroup.com,(004)118-9343,,"Alpha Team , Bravo Team",22
313rcvyr,Tyrone368 Sanchez859,TRUE,11/29/1938,tsanchez@vaughntorres.com,842-336-8112x192,,"Alpha Team , Bravo Team",9
iookf1ok,Emily975 Williams958,TRUE,12/19/1996,ewilliams@gouldbirdandbrown.com,(653)996-0342x37133,,"Alpha Team , Bravo Team",2
txklnxn1,Lauren312 Edwards994,TRUE,5/19/1967,ledwards@thomasplc.org,001-218-406-8710,,"Alpha Team , Bravo Team",2
ybrxemj8,Nancy714 Rios559,TRUE,12/21/1976,nrios299@marshallllc.com,(271)374-9261,,"Alpha Team , Bravo Team",21
jcj87qjz,Jenna221 Cooper382,TRUE,9/19/1949,jcooper@jonesandsons.com,398.471.0762,,"Alpha Team , Bravo Team",2
kx9088ml,Joshua687 Barton589,TRUE,7/25/1967,jbarton@wellsrollinsandbooker.com,(837)573-0549,,"Alpha Team , Bravo Team",24
y85ao561,John714 Gallagher605,TRUE,7/16/1982,jgallagher@colethomas.com,001-357-602-6096x69094,,"Alpha Team , Bravo Team",5
f0tiz30z,Amber748 Ranasinghe357,TRUE,10/7/1994,door_amber@chambersschneiderandbrock.com,810-337-7236x71119,,"Alpha Team , Bravo Team",24
xvlmnkam,Kristen562 Huseynov190,TRUE,3/14/1947,little_kristen@doylewheeler.biz,001-597-794-5662x088,,"Alpha Team , Bravo Team",8
cghii5b0,Wanda239 Rush848,TRUE,6/25/1952,wrush675@weberltd.net,687.572.5193x911,,"Alpha Team , Bravo Team",14
dnd9bpvm,Phillip666 White266,TRUE,3/28/1938,different_phillip@williskingandevans.biz,5780507555,,"Alpha Team , Bravo Team",23
u9jaocet,Shannon463 Hall750,TRUE,9/22/1991,shannonhall@hendricksrobertson.net,(519)788-7029,,"Alpha Team , Bravo Team",25
ms8nemh0,Kendra825 Griffin588,TRUE,10/12/1964,kgriffin676@thomasmoore.com,625.429.9057x9449,,"Alpha Team , Bravo Team",13
vob8q2h8,Michelle827 Perez113,TRUE,7/6/1939,mperez998@williamsolsonanddavies.info,001-222-335-8506x73465,,"Alpha Team , Bravo Team",2
uxta1wcl,Tracy928 Jones681,FALSE,11/18/1932,tjones@pricedean.com,001-894-513-1552x885,,"Alpha Team , Bravo Team",10
anb9d0x2,Scott500 Francis615,FALSE,9/25/1961,want_scott@navarrohamiltonandturner.biz,001-752-261-1468x726,,"Alpha Team , Bravo Team",17
qbbo94kp,Devin952 Sengupta693,FALSE,7/7/1996,devinsengupta@tuckermuellerandpeters.info,001-693-340-6292,,"Alpha Team , Bravo Team",17
vsoe6qgq,Zachary512 Rivera315,FALSE,9/29/1961,wind_zachary@wilsoninc.info,4524651532,,"Alpha Team , Bravo Team",6
vj3jdab0,Tina364 Gomez492,FALSE,7/9/1954,tgomez@bakergroup.com,(653)996-0342x37133,,"Alpha Team , Bravo Team",20
9v86n2is,Christopher248 Johnston781,FALSE,2/14/1957,cjohnston907@robinsonmorris.info,(653)996-0342x37133,,"Alpha Team , Bravo Team",16
fl2whk9l,Samantha359 Montes377,FALSE,12/20/2001,smontes@jonesllc.biz,100-123-5352x601,,"Alpha Team , Bravo Team",25
77sam08p,Douglas810 Harris119,FALSE,4/27/1938,dharris@garciajones.biz,652-186-7071,,"Alpha Team , Bravo Team",7
qrxzhl0y,Andrew880 Fuentes730,FALSE,3/8/1968,afuentes481@sanchezvilla.net,(455)104-4549x455,,"Alpha Team , Bravo Team",20
ve3smj98,Heidi892 Spencer387,FALSE,9/2/1976,hspencer718@moranwatson.info,001-253-211-0458x61042,,"Alpha Team , Bravo Team",18
490o3jf9,Wendy948 Fisher715,FALSE,3/28/1974,wendyfisher@danielkelly.net,621.897.2285x0496,,"Alpha Team , Bravo Team",6
npqy75vt,Stephen405 Drake734,FALSE,9/10/1941,sdrake@perezltd.info,(675)794-6938x8547,,"Alpha Team , Bravo Team",7
wzry9as4,Angelica545 Spears764,FALSE,10/26/1992,aspears374@dickersoninc.com,(660)694-8268x78035,,"Alpha Team , Bravo Team",9
s5mfpkhi,Robert571 Ahamed577,FALSE,4/2/1982,say_robert@brooksgarciaandmclaughlin.com,295.274.5148,,"Alpha Team , Bravo Team",22
7x9fd2yu,Peter261 Ohayon913,FALSE,2/11/1953,task_peter@washingtonandsons.com,377.901.2218x340,,"Alpha Team , Bravo Team",22
gtmnpbgt,Amanda162 Romero559,FALSE,7/15/1945,aromero733@palmergroup.biz,711-397-8237,,"Alpha Team , Bravo Team",18
u6l1lbk8,Michael209 Rodriguez471,FALSE,12/28/1970,michaelrodriguez@jonesmitchell.com,(653)996-0342x37133,,"Alpha Team , Bravo Team",3
430y3uzt,Stephanie929 Henderson393,FALSE,1/4/1938,stephaniehenderson@huangjohnsonandrobbins.com,001-162-539-2361x3889,,"Alpha Team , Bravo Team",24
3g3bzsd7,Valerie639 Montgomery699,FALSE,12/11/1950,valeriemontgomery@johnsonandsons.com,(653)996-0342x37133,,"Alpha Team , Bravo Team",8
joqz42vw,Bruce594 Williamson973,FALSE,1/2/1942,bwilliamson746@hodgesmartin.com,-6330,,"Alpha Team , Bravo Team",21
bb1w663c,Jacqueline594 Wilson203,FALSE,9/2/1976,jwilson371@wilsonreyesandbaker.com,001-758-519-4016x052,,"Alpha Team , Bravo Team",17
zobyqp7v,Christopher530 Mitchell551,FALSE,4/19/1937,christophermitchell@byrdwilsonandpalmer.com,(653)996-0342x37133,,"Alpha Team , Bravo Team",16
btr41m95,Katie228 Love293,FALSE,1/17/1999,klove@grahamreyesandsalazar.net,(677)922-9388,,"Alpha Team , Bravo Team",20
zzyur4pj,Allison195 Johnson826,FALSE,8/14/1976,allisonjohnson@watsoninc.com,(703)458-0446x6568,,"Alpha Team , Bravo Team",18
nwcu2pih,Thomas319 Joseph195,FALSE,7/17/1985,thomasjoseph@hatfieldgriffin.com,157-069-1379,,"Alpha Team , Bravo Team",20
wmbtk8r2,Larry261 Bailey413,FALSE,3/18/1987,larrybailey@hamiltonpriceandlewis.com,943.476.8796x233,,"Alpha Team , Bravo Team",15
3ym5tav2,Brenda257 Cruz194,FALSE,7/3/1941,brendacruz@woodltd.com,001-408-620-5505x855,,"Alpha Team , Bravo Team",10
bolddqvf,Isaac551 Long588,FALSE,3/18/1943,ahead_isaac@ellisgonzalesandschneider.info,9698661965,,"Alpha Team , Bravo Team",23
jhyr9jak,Molly177 Schaefer448,FALSE,7/12/1934,instead_molly@popesanchezandmoran.biz,(419)123-6360x45647,,"Alpha Team , Bravo Team",12
4uxf5q0j,Beth239 Brown672,FALSE,4/11/1939,bbrown@thomastaylor.net,9006207359,,"Alpha Team , Bravo Team",13
r46xrq91,Stephen263 Garrett549,FALSE,8/14/1967,stephengarrett@durhamhamilton.org,586-955-0457x80717,,"Alpha Team , Bravo Team",10
o6c077j7,David992 Torres474,FALSE,12/3/1985,davidtorres@williamsllc.com,2209321874,,"Alpha Team , Bravo Team",9
kh35db66,Michael282 Bradley484,FALSE,6/6/1942,at_michael@shafferrussell.com,9290172702,,"Alpha Team , Bravo Team",5
56m18h52,Michele320 Park230,FALSE,1/14/1933,more_michele@reidhernandez.biz,923180496,,"Alpha Team , Bravo Team",10
i2yhajng,Susan862 Cuevas102,FALSE,12/28/1932,scuevas871@pattersonchaseandlopez.com,001-884-597-7385,,"Alpha Team , Bravo Team",20
8moyaopi,Charles839 Boyd438,FALSE,12/3/1954,charlesboyd@gilbertandsons.biz,970-569-3762x9047,,"Alpha Team , Bravo Team",13
sqe26x8k,William358 Williamson456,FALSE,7/13/1954,williamwilliamson@deleonlewis.org,(988)404-6907,,"Alpha Team , Bravo Team",21
05618sd9,Nicole350 Johnson235,FALSE,1/17/1940,nicolejohnson@andersoninc.info,(081)691-4953,,"Alpha Team , Bravo Team",12
wad9ukj9,Brittany564 Espinoza316,FALSE,3/6/1935,bespinoza884@wintersandsons.com,-4660,,"Alpha Team , Bravo Team",13
oi4i4xbc,Cynthia571 Moore301,FALSE,3/25/1994,cynthiamoore@huertameyer.com,001-874-291-8206,,"Alpha Team , Bravo Team",3
rogzc85x,Yvonne134 Cannon761,FALSE,8/2/1999,ycannon@phillipsplc.com,631-545-2081,,"Alpha Team , Bravo Team",9
lz3y9yzm,Helen112 Guerrero588,FALSE,1/27/1973,hguerrero@cookmeyer.com,001-130-788-8921,,"Alpha Team , Bravo Team",6
4q3xdzdq,Rachel403 Mitchell735,FALSE,12/9/1965,rachelmitchell@chambersgroup.com,837.792.3000x974,,"Alpha Team , Bravo Team",11
ol8nukeu,Michele609 Boyd284,FALSE,4/12/1992,mboyd@connerhernandezandjones.com,058.436.4652,,"Alpha Team , Bravo Team",11
zsbaz6ix,Bryan658 Barry274,FALSE,1/23/1978,bbarry@harrisgardnerandgonzalez.com,569-419-9879x27246,,"Alpha Team , Bravo Team",10
igagkvf6,Joyce968 Berger568,FALSE,9/22/1952,joyceberger@martinezwallsandmorales.biz,(653)996-0342x37133,,"Alpha Team , Bravo Team",22
kh5n939y,Gabriel620 Lutz626,FALSE,12/21/1970,glutz@alexanderinc.com,(653)996-0342x37133,,"Alpha Team , Bravo Team",23
xf2t48ai,Karen284 Gamble626,FALSE,12/31/1956,kgamble@vasquezplc.com,4193535778,,"Alpha Team , Bravo Team",23
s3c0jon7,Adam357 Rodriguez733,FALSE,9/29/1998,adamrodriguez@laneplc.com,(257)946-7360x0756,,"Alpha Team , Bravo Team",15
y4ih09b9,Andrew596 Sharp108,FALSE,1/18/1946,andrewsharp@taylorllc.com,001-178-514-4148x829,,"Alpha Team , Bravo Team",5
f7fqcmvr,William913 Mullen609,FALSE,1/7/1999,williammullen@youngplc.com,(234)135-6476x86370,,"Alpha Team , Bravo Team",25
423ageey,Renee658 Ueda124,FALSE,5/28/1964,reneeueda@bensonalexanderandcurry.org,810.539.4868,,"Alpha Team , Bravo Team",25
qw632sxb,Devin603 Watanabe709,FALSE,11/1/1932,risk_devin@taylorinc.com,707-979-3740x041,,"Alpha Team , Bravo Team",13
p9rl1rgh,Stephanie366 Jones333,FALSE,8/28/1996,sjones501@santiagoandsons.com,(306)467-0044,,"Alpha Team , Bravo Team",20
qqze09ab,Mia661 Evans876,FALSE,9/12/1966,production_mia@burtongomez.biz,(021)149-0086,,"Alpha Team , Bravo Team",21
01se18nl,Thomas692 Campbell834,FALSE,8/12/1936,tcampbell443@hobbssteele.com,760.018.5748,,"Alpha Team , Bravo Team",15
2dy4ghbu,Michael659 Morton664,FALSE,2/2/1935,mmorton737@martinezrivasandhoffman.com,511.635.8587x53545,,"Alpha Team , Bravo Team",5
i6zcjy20,Timothy111 Biton338,FALSE,1/10/1955,timothybiton@reyeselliottandbailey.biz,(653)996-0342x37133,,"Alpha Team , Bravo Team",5
vhuavz9j,Nancy270 Sanchez947,FALSE,1/28/1991,nsanchez465@delacruzrossandbrewer.org,761-338-1987x08852,,"Alpha Team , Bravo Team",15
v7wwuh2h,William795 Holt299,FALSE,7/30/1947,wholt@ortegaferguson.org,596-662-1619x7576,,"Alpha Team , Bravo Team",10
p0c96la5,Theresa814 Patterson268,TRUE,4/26/1968,tpatterson@stanleygarciaandwalters.biz,1859033453,,"Alpha Team , Bravo Team",23
lndt4qa6,Kathleen283 Jackson971,TRUE,12/30/1982,kjackson198@alvaradobaileyandjohnson.com,001-269-388-0693,,"Alpha Team , Bravo Team",12
6y2aw30h,Kristin503 Gray721,TRUE,7/27/1982,kgray912@johnsonsweeneyandgonzalez.com,(653)996-0342x37133,,"Alpha Team , Bravo Team",10
7atm9tdm,Luke986 Melton614,TRUE,8/11/1986,lmelton@lanecarterandleonard.com,-1238,,"Alpha Team , Bravo Team",20
h738fhlx,Jason331 Thomas936,TRUE,11/23/1951,jthomas@fleminghamptonandreynolds.net,(266)892-1678x05479,,"Alpha Team , Bravo Team",2
igbm2w81,Tony202 Jackson455,TRUE,1/10/1963,tjackson@oneillherman.info,(621)579-2263x52865,,"Alpha Team , Bravo Team",13
efv7s2vs,Gina494 Wallace122,TRUE,3/27/1968,notice_gina@martinezcooperandcastillo.com,938-033-9389x7914,,"Alpha Team , Bravo Team",9
qv4p11lj,Gabriela966 Lopez831,TRUE,8/8/1991,gabrielalopez@lopezwoodward.info,478.415.0475x6277,,"Alpha Team , Bravo Team",22
b9ssexe6,Deborah480 Seong605,TRUE,5/12/1974,dseong974@donaldsonandsons.com,518-256-5626x829,,"Alpha Team , Bravo Team",24
gr3tsgv3,Tara240 Foster239,TRUE,4/18/1964,research_tara@colliercohenandnelson.com,(360)600-1967x331,,"Alpha Team , Bravo Team",14
zkftwven,Michelle754 Bell237,TRUE,7/3/1963,mbell@simmonsmclaughlinandortiz.com,657019708,,"Alpha Team , Bravo Team",4
9cvizqje,Ronald579 Dawson663,TRUE,11/19/2000,rdawson327@pattonharrisonandjordan.biz,047-896-4506x5777,,"Alpha Team , Bravo Team",4
4c2n52iy,Michael609 Oconnor450,TRUE,8/21/1938,moconnor@williamssmall.com,679.389.8635x85509,,"Alpha Team , Bravo Team",5
m7k9tiva,Nathan690 Johnson997,TRUE,4/23/1987,njohnson@jonesroberts.com,080.047.4738x48962,,"Alpha Team , Bravo Team",22
n6uejvmu,Brian620 Brown107,TRUE,9/13/1991,bbrown870@maloneltd.info,3001041256,,"Alpha Team , Bravo Team",18
srcgx0om,Christopher289 Cooper449,TRUE,5/6/1932,ccooper909@youngnewton.info,450-236-8546x1165,,"Alpha Team , Bravo Team",11
37cen6wy,Clinton681 Green233,TRUE,3/12/1978,clintongreen@masonjonesandmoore.org,(445)352-5595,,"Alpha Team , Bravo Team",1
pvonus36,Olivia225 Rhodes387,TRUE,8/13/1972,orhodes@hugheshernandez.net,7202935666,,"Alpha Team , Bravo Team",15
jhre4qrm,Deanna513 Nichols614,TRUE,1/24/1979,executive_deanna@allengroup.com,(653)996-0342x37133,,"Alpha Team , Bravo Team",16
d68urkqo,Stephanie638 Terry585,TRUE,1/3/1982,stephanieterry@powellthomas.org,001-457-892-8309x009,,"Alpha Team , Bravo Team",10
itu8uwyv,Rodney502 Lin609,TRUE,3/31/1940,rlin523@carterberryandbarton.info,(052)129-1680,,"Alpha Team , Bravo Team",13
fmykuzvm,Amanda635 Johnson852,TRUE,5/25/1969,ajohnson425@matthewswalker.net,7585760831,,"Alpha Team , Bravo Team",25
dq5iglz7,Joseph691 Garcia170,TRUE,6/6/1961,jgarcia@ramirezplc.com,001-411-859-7320,,"Alpha Team , Bravo Team",24
12o5j49o,Tracy737 Waters232,TRUE,10/2/1995,tracywaters@laneplc.net,7377213458,,"Alpha Team , Bravo Team",1
vl5wunrt,Thomas486 Garcia346,TRUE,5/1/1992,tgarcia@lanepatel.com,001-139-119-9759,,"Alpha Team , Bravo Team",25
6oa9lac0,Kathryn500 Matthews829,TRUE,11/26/1934,join_kathryn@greengroup.org,432.796.5147x179,,"Alpha Team , Bravo Team",6
26k4w21b,Sally127 Reyes415,TRUE,3/21/1946,sreyes499@blanchardmarquezandfoster.com,001-687-716-3200x91816,,"Alpha Team , Bravo Team",21
y5puot52,Jessica600 Holt753,TRUE,1/14/1933,jholt793@barrettplc.com,001-287-776-6226x47182,,"Alpha Team , Bravo Team",16
rcfd7ves,Jasmine945 Wright936,TRUE,12/2/1977,jwright956@calderonltd.com,(462)974-9145,,"Alpha Team , Bravo Team",2
7228ca54,Lauren247 Shah575,TRUE,4/8/1977,risk_lauren@petersonstephens.com,6434190927,,"Alpha Team , Bravo Team",17
80i4wqsr,Amanda237 Wood764,TRUE,8/15/1997,awood@jimenezandsons.biz,(653)996-0342x37133,,"Alpha Team , Bravo Team",6
duof97ys,Anthony647 Mcmahon645,TRUE,8/29/1937,amcmahon990@wongsteele.biz,-6053,,"Alpha Team , Bravo Team",17
webys8pm,Robert707 Griffin696,TRUE,4/13/1978,rgriffin859@allenball.com,001-933-462-6280x3125,,"Alpha Team , Bravo Team",2
lf1sj5mi,Nathan779 Chandler960,TRUE,4/28/1944,nathanchandler@hodgesramirezandgibbs.info,833.696.4848,,"Alpha Team , Bravo Team",25
ck15eo1l,Edward446 Castaneda468,TRUE,8/3/1998,time_edward@leesimmons.biz,(818)988-9205x157,,"Alpha Team , Bravo Team",10
stpylyfm,Cassandra915 Miller470,TRUE,11/3/1963,cmiller349@youngltd.com,075.989.7693x56766,,"Alpha Team , Bravo Team",1
u4zr9nj0,Linda598 Mckee286,TRUE,1/24/1966,lindamckee@powellrodriguez.info,435-608-9525x5799,,"Alpha Team , Bravo Team",15
gwx2mz4n,Edward595 Sherman762,TRUE,5/26/1991,esherman939@johnsonjohnsonandbaker.org,507-366-1307x692,,"Alpha Team , Bravo Team",23
c400gy22,Laurie672 Rodriguez976,TRUE,10/1/1930,lrodriguez@perrygardner.com,-1985,,"Alpha Team , Bravo Team",2
tlon8h68,Pedro967 Allen495,TRUE,12/25/1960,drive_pedro@smithltd.com,036-640-9750x1413,,"Alpha Team , Bravo Team",7
ug4by4dx,Heather428 Christensen396,TRUE,10/14/1938,box_heather@shawwatsonandwong.net,(041)013-3996,,"Alpha Team , Bravo Team",24
p48ayyzm,Rebecca126 Clark963,TRUE,7/8/1972,rclark@walterszimmermananddoyle.org,156.911.0555,,"Alpha Team , Bravo Team",9
a366147e,Judith838 Morales722,TRUE,7/15/1975,judithmorales@williamsmillerandhawkins.org,001-856-975-9766x927,,"Alpha Team , Bravo Team",15
9pf3shkk,Michael776 Herrera993,TRUE,8/1/1998,mherrera@jenkinsgrayandramos.com,(178)372-9373,,"Alpha Team , Bravo Team",8
bcso3h35,James878 Cole486,TRUE,7/22/1962,jcole827@harrisonstanley.org,858.346.5625x615,,"Alpha Team , Bravo Team",12
yn2198sy,Marc657 Smith451,TRUE,1/14/1931,msmith932@jacobsinc.com,179-007-0636,,"Alpha Team , Bravo Team",8
17cdqqj1,Lynn379 Freeman761,TRUE,8/12/1979,lfreeman294@obrienllc.com,001-493-373-0873x7570,,"Alpha Team , Bravo Team",9
kjxlg56y,Jennifer429 Hendrix975,TRUE,11/5/1976,jenniferhendrix@rowejensen.com,001-053-205-0815x4057,,"Alpha Team , Bravo Team",18
qoi4f2w1,Anne282 Pratt467,TRUE,11/5/1938,apratt@brownhunt.com,811-985-7660x027,,"Alpha Team , Bravo Team",4
cn9poin9,Sue721 Swanson155,TRUE,1/2/1936,sswanson@hartmanmartinandbrooks.com,001-968-683-6145x7213,,"Alpha Team , Bravo Team",16
aj6q8bzr,Matthew890 Hayes334,TRUE,3/7/1973,stand_matthew@livingstonlittle.net,(653)996-0342x37133,,"Alpha Team , Bravo Team",22
2jzaevlj,Gary285 Fischer350,TRUE,5/5/1970,gfischer@perezporter.com,001-915-200-6977,,"Alpha Team , Bravo Team",3
afgegh2w,James841 Perez266,TRUE,2/24/1972,jamesperez@evanscombsanddavis.net,-7293,,"Alpha Team , Bravo Team",1
d4nmmydt,Rachel269 Liu482,TRUE,4/13/1984,rliu@brownfranklin.net,631.316.5946x953,,"Alpha Team , Bravo Team",12
7i1wsq2g,Mandy912 Rogers339,TRUE,4/19/1952,mandyrogers@butlersimpsonandporter.com,001-938-852-6122x20479,,"Alpha Team , Bravo Team",25
gcvu31uu,Tracey769 Miller830,TRUE,6/5/1945,able_tracey@rossgroup.com,297-651-6656,,"Alpha Team , Bravo Team",10
e19hckvy,Cody315 Green511,TRUE,11/30/1967,cgreen@pettywade.info,7475256930,,"Alpha Team , Bravo Team",10
0o4p9lpo,Michael656 Jones530,TRUE,4/29/2001,light_michael@boyleriveraanddavidson.net,445.949.7050,,"Alpha Team , Bravo Team",6
xd2ze5pt,Brian881 Banks530,TRUE,5/9/1976,write_brian@rayinc.net,(653)996-0342x37133,,"Alpha Team , Bravo Team",1
onsohjjn,Alison297 Anderson225,FALSE,8/2/1933,front_alison@wagnerplc.com,-7643,,"Alpha Team , Bravo Team",2
c760k5g5,Cynthia386 Reed626,FALSE,10/7/2000,creed692@chavezmeyerandgreen.com,001-942-921-8508x0804,,"Alpha Team , Bravo Team",2
wn80fygl,David417 Gardner584,FALSE,8/9/1975,davidgardner@combsvangandkent.com,(653)996-0342x37133,,"Alpha Team , Bravo Team",7
dccnmn3p,Claudia477 Pearson782,FALSE,2/13/1965,cpearson111@schwartzfosterandreed.net,(846)194-7762x2164,,"Alpha Team , Bravo Team",20
d3meagau,Lori859 Gill210,FALSE,1/6/1967,lorigill@ballsellersandfoster.com,020-108-8421,,"Alpha Team , Bravo Team",4
nul7oajm,Tammy987 Hunt733,FALSE,8/10/1993,important_tammy@mckeeinc.biz,001-800-287-0059,,"Alpha Team , Bravo Team",23
co6ao49i,Crystal490 Frost645,FALSE,2/2/1973,cfrost128@wilsonplc.com,971-584-4246x715,,"Alpha Team , Bravo Team",18
xlntetqs,Amanda540 Henson783,FALSE,4/15/1956,ahenson460@alleninc.biz,(653)996-0342x37133,,"Alpha Team , Bravo Team",17
i3uz606v,Joseph401 Barajas139,FALSE,2/27/1937,jbarajas165@spencedavis.com,(298)619-9009,,"Alpha Team , Bravo Team",13
n3y5w3er,Jorge526 Gonzalez486,FALSE,4/11/1957,jgonzalez529@moralesltd.info,458-495-1128x30356,,"Alpha Team , Bravo Team",22
y1lx1891,Brandi431 Pruitt522,FALSE,9/11/1956,travel_brandi@campbellinc.com,(653)996-0342x37133,,"Alpha Team , Bravo Team",19
76gb8cus,James345 Stevens849,FALSE,7/26/1949,jstevens610@vegapowell.biz,6083565626,,"Alpha Team , Bravo Team",16
8hujtiko,Daniel897 Brown151,FALSE,7/9/1945,dbrown410@mccoylopez.com,-8769,,"Alpha Team , Bravo Team",22
xnubgh50,Vanessa570 Kent787,FALSE,5/31/1969,ago_vanessa@martinezavilaandarroyo.com,466.987.3680,,"Alpha Team , Bravo Team",9
g25q27fh,Lauren630 Chen998,FALSE,1/24/1998,laurenchen@jacksonllc.com,(653)996-0342x37133,,"Alpha Team , Bravo Team",21
wuvf0mbl,Ashley165 Ramirez471,FALSE,11/4/1945,ashleyramirez@conwaymartin.com,(653)996-0342x37133,,"Alpha Team , Bravo Team",4
5ahycyx3,Andrew883 Collins991,FALSE,2/21/1958,acollins353@cartercastro.com,(142)091-3902x948,,"Alpha Team , Bravo Team",25
4x5ojzkz,Ariana262 Larsen175,FALSE,8/26/1960,alarsen@wheelerplc.net,540.183.4015x504,,"Alpha Team , Bravo Team",25
n3upskid,Kathryn613 Ryan363,FALSE,5/14/1999,action_kathryn@joneshunterandpope.com,(489)321-2815x866,,"Alpha Team , Bravo Team",2
8gdfj1uj,Cheyenne338 Davis429,FALSE,1/14/1988,cheyennedavis@chenalvarez.info,001-772-166-5079,,"Alpha Team , Bravo Team",8
pakwbrsy,Howard907 Lowe835,FALSE,9/1/1982,hlowe@parkerinc.com,011.063.5199x88476,,"Alpha Team , Bravo Team",2
jr38cait,Toni174 Salazar369,FALSE,2/22/1936,tsalazar@jordanwalker.org,001-398-647-4284,,"Alpha Team , Bravo Team",13
s79b0e1i,Gloria787 Gordon644,FALSE,7/1/1996,gloriagordon@mccormickdickson.info,676-193-0747x809,,"Alpha Team , Bravo Team",24
k0ifh70q,Michelle942 Long157,FALSE,4/12/1943,michellelong@lynchwileyandhowell.com,077-295-9940,,"Alpha Team , Bravo Team",21
wo99n6a5,Curtis118 Serrano401,FALSE,12/27/1984,energy_curtis@kochgroup.com,9456581666,,"Alpha Team , Bravo Team",8
a35xukw5,Michael435 Ramirez610,FALSE,1/16/1946,mramirez919@myershill.com,(653)996-0342x37133,,"Alpha Team , Bravo Team",23
712zmhqe,Samuel875 Bartlett311,FALSE,10/19/1974,sbartlett419@coxgroup.net,001-656-228-9170,,"Alpha Team , Bravo Team",11
twff7cg8,Michael938 Small220,FALSE,2/17/2001,msmall@williamsplc.info,(653)996-0342x37133,,"Alpha Team , Bravo Team",9
smkernrs,Renee290 Clark879,FALSE,10/28/1969,rclark@hurstllc.com,211-187-8697x894,,"Alpha Team , Bravo Team",16
myby3w1k,Curtis675 Edwards238,FALSE,1/5/1934,cedwards@richardsonmartinandclark.com,476-243-3148x670,,"Alpha Team , Bravo Team",1
v5r52aua,Pamela143 Yang809,FALSE,8/29/1994,pamelayang@floressmithandgarcia.com,592-078-0059x78789,,"Alpha Team , Bravo Team",6
vxa10rib,James416 Allen245,FALSE,12/3/1936,jallen743@mcdanielinc.com,740.480.2762x90516,,"Alpha Team , Bravo Team",6
mpnqkck9,Daniel455 Moran111,FALSE,9/10/1941,dmoran492@watkinsgonzalezandhaas.com,(653)996-0342x37133,,"Alpha Team , Bravo Team",12
t0ajbgdw,Rita583 Lee402,FALSE,10/30/1942,already_rita@millsllc.info,(523)891-4447x5056,,"Alpha Team , Bravo Team",7
zwer0bkk,Autumn310 Thompson561,FALSE,10/30/1952,athompson@conwaygonzalez.com,(926)293-0873,,"Alpha Team , Bravo Team",25
utmecd69,Amanda785 Byrd820,FALSE,11/4/1957,abyrd809@lewismooreandpotts.biz,(048)124-1384,,"Alpha Team , Bravo Team",25
wx0kipns,Cynthia696 Rodgers808,FALSE,5/31/1969,crodgers802@murphyinc.biz,001-660-940-4716x72786,,"Alpha Team , Bravo Team",20
3wak9zn4,Michael970 Rivera480,FALSE,4/7/1944,relate_michael@jacksonwallanddixon.com,833-008-0415,,"Alpha Team , Bravo Team",1
8skhchdf,Joseph499 Delacruz645,FALSE,7/16/1938,jdelacruz@moorejohnson.com,613-701-5988x7334,,"Alpha Team , Bravo Team",3
fiv7c5tf,Jennifer664 Jones153,FALSE,9/28/1930,jjones323@osbornefuller.biz,001-748-140-1656x41084,,"Alpha Team , Bravo Team",17
9hh400nn,Michael525 Spencer687,FALSE,12/5/1986,so_michael@mezacox.biz,(653)996-0342x37133,,"Alpha Team , Bravo Team",23
9f0n9m05,Theresa969 Brown358,FALSE,7/3/1954,each_theresa@jordanthompson.com,7299348276,,"Alpha Team , Bravo Team",20
jsfz22v1,Jill867 Hale720,FALSE,1/19/1960,jhale718@carneyfarrell.com,(744)687-3533,,"Alpha Team , Bravo Team",13
rleyhvqk,Brooke788 Johnson754,FALSE,3/28/1973,so_brooke@gomezinc.info,526.571.6762x11559,,"Alpha Team , Bravo Team",17
b7lptde7,Paul940 Taylor354,FALSE,5/24/1966,ptaylor743@smithwatson.com,891.647.1248x472,,"Alpha Team , Bravo Team",13
kyxzmqu7,Kevin733 Friedman100,FALSE,5/8/1969,kfriedman@perrybentonandmiller.com,962.861.5807,,"Alpha Team , Bravo Team",4
h52q4vb3,Jesus234 Freeman878,FALSE,1/20/1948,jfreeman@jacksonleeandcurtis.info,(592)775-9657x57288,,"Alpha Team , Bravo Team",13
7d6m2pvo,Nicole817 Jacobs270,FALSE,9/3/1974,njacobs@mcculloughstein.com,005-242-7266,,"Alpha Team , Bravo Team",13
5e6m5bis,Kayla539 Bright181,FALSE,11/1/1951,kbright289@pricetaylor.com,336.331.2842x87409,,"Alpha Team , Bravo Team",1
e7ng8x8y,James313 Russell511,FALSE,1/21/1966,jrussell436@ellisandsons.com,(502)757-6568x144,,"Alpha Team , Bravo Team",18
qaibn41e,Kaylee270 Miller138,FALSE,3/16/1975,summer_kaylee@bellandsons.com,(648)100-5118x250,,"Alpha Team , Bravo Team",18
3kf2fcel,Catherine921 Castro212,FALSE,3/6/1967,catherinecastro@wilsonhartmanandrandall.com,010-595-8262x5893,,"Alpha Team , Bravo Team",10
1bnhi018,Courtney636 Austin840,FALSE,8/13/1949,caustin@payneltd.com,(948)611-6175x926,,"Alpha Team , Bravo Team",15
m0n9vkt8,Amber903 Moran164,FALSE,11/13/1995,amoran@leachplc.biz,115-668-0368x1291,,"Alpha Team , Bravo Team",5
fiukbux8,Julia244 Payne498,FALSE,10/23/1994,central_julia@guzmanross.com,(697)112-0156x778,,"Alpha Team , Bravo Team",15
vn287vey,William488 Sanchez827,FALSE,1/20/1948,wsanchez203@sanchezinc.biz,727.085.9126x319,,"Alpha Team , Bravo Team",17
7mt9bv8b,Kayla313 Ramirez796,FALSE,6/30/1975,appear_kayla@freemanwallace.info,001-028-406-9186x9141,,"Alpha Team , Bravo Team",4
rbp3f5ow,Jennifer505 Villanueva945,FALSE,5/30/1979,treat_jennifer@brownlewisandcline.biz,001-900-135-7614x304,,"Alpha Team , Bravo Team",5
cb4p19sx,Andrew726 Martin522,FALSE,6/18/1991,amartin@phamdawsonandhughes.info,(263)879-5296x021,,"Alpha Team , Bravo Team",24
hfjura0k,Jacob949 Payne125,FALSE,1/12/1941,jpayne286@coopermillsandwalker.net,611.584.9105x76087,,"Alpha Team , Bravo Team",2
quk1h2wb,Paula387 Sampson485,FALSE,9/1/1961,paulasampson@vaughnperezandharris.com,3353205791,,"Alpha Team , Bravo Team",23
79aowmii,Patricia560 Scott157,FALSE,3/7/1954,pscott493@smithrivera.com,208.494.2743x984,,"Alpha Team , Bravo Team",22
lbwku8hc,Kelly695 Davis438,FALSE,5/4/1991,quality_kelly@hollanddunlapandharding.com,262.140.5374x503,,"Alpha Team , Bravo Team",4
fwn3wuci,Timothy153 Valencia849,FALSE,2/29/1984,tvalencia221@bookeranderson.com,001-254-235-1763x05138,,"Alpha Team , Bravo Team",11